"ProfessorId"|"ProfessorName"
1|" Rebecca Lynn Addington"
2|" Paul Gerald Ahlquist"
3|" Nihal Ahmad"
4|" Oguzhan Alagoz"
5|" Samer N Alatout"
6|" Mark Richard Albertini"
7|" Andrew Lafayette Alexander"
8|" Caitilyn Allen"
9|" Araceli Alonso"
10|" Jennifer M Asmus"
11|" Alan David Attie"
12|" Craig S Atwood"
13|" Susan E Babcock"
14|" Vaishali P Bakshi"
15|" Suman Banerjee"
16|" Matthew Isaac Banks"
17|" Paul R Barford"
18|" Amy Josephine Barger"
19|" Janet Mc Cray Batzli"
20|" Leonelo E Bautista"
21|" Sebastian York Bednarek"
22|" David J Beebe"
23|" Michael M Bell"
24|" Ellison Bentley"
25|" Grace Elisabeth Boekhoff-Falk"
26|" Riccardo Bonazza"
27|" Nigel Boston"
28|" Laird Boswell"
29|" Dan Botez"
30|" Glenn Robert Bower"
31|" Dominique Brossard"
32|" Thomas C Brunold"
33|" Stefania Buccini"
34|" Wade A Bushman"
35|" Pascale Carayon"
36|" Ronnie Dean Carda"
37|" Alan Robert Carroll"
38|" Silvia Cavagnero"
39|" Guang-Hong Chen"
40|" Bradley Thomas Christian"
41|" Ruthanne Chun"
42|" Moo K Chung"
43|" Roseanne Clark"
44|" Nigel B Cook"
45|" Joshua J Coon"
46|" Elizabeth A Craig"
47|" Cameron Currie"
48|" Charles Joseph Czuprynski"
49|" Richard J Davidson"
50|" Larry Albert De Werd"
51|" Christopher Demarco"
52|" Samuel F Dennis Jr"
53|" Patricia Grace Devine"
54|" Amy Trentham Dietz"
55|" Greg Downey"
56|" David Drake"
57|" Maureen Suzanne Durkin"
58|" Mark D Ediger"
59|" Mustafa Emirbayer"
60|" Charles Engel"
61|" Nan Enstad"
62|" Chang-Beom Eom"
63|" Mark Alan Eriksson"
64|" Zsuzsanna Fabry"
65|" Sean Bedillion Fain"
66|" Donna Fernandez"
67|" Myra Marx Ferree"
68|" Raymond John Fonck"
69|" Robert F Freeland"
70|" Paul Dean Friesen"
71|" Joan Fujimura"
72|" John Sill Gallagher III"
73|" Audrey P. Gasch"
74|" Mary Louise Gomez"
75|" Timothy M Gomez"
76|" Laurel B Goodwin"
77|" Padma Gopalan"
78|" Lisa B Gralnick"
79|" Claudio Gratton"
80|" Anne Elizabeth Griep"
81|" Yevgenya Grinblat"
82|" Sundaram Gunasekaran"
83|" Timothy Jon Hall"
84|" Richard Roger Halverson"
85|" Robert John Hamers"
86|" Jo Emily Handelsman"
87|" John Alan Harrington"
88|" Aki Hashimoto"
89|" Kathryn Hendley"
90|" Matthew F Herndon"
91|" John Hitchcock"
92|" Robert G Howard"
93|" Evelyn Anne Howell"
94|" Richard Hsung"
95|" Christina Marie Hull"
96|" Anna Huttenlocher"
97|" Akihiro Ikeda"
98|" Jerlando F.L. Jackson"
99|" Meyer B Jackson"
100|" Lea Jacobs"
101|" Thomas Jahns"
102|" Robert Jeraj"
103|" Somesh Jha"
104|" Hongrui Jiang"
105|" Song Jin"
106|" Stephen M Johnson"
107|" Albrecht Karle"
108|" Yoshihiro Kawaoka"
109|" James L Keck"
110|" Theresa M Kelley"
111|" Joseph William Kemnitz"
112|" Christina M. Kendziorski"
113|" Hasan Khatib"
114|" Laura Lee Kiessling"
115|" Jee-Seon Kim"
116|" Brian Wayne Kirkpatrick"
117|" Bruce Steven Klein"
118|" Irena Knezevic"
119|" Kelli Faye Koltyn"
120|" Sindo Kou"
121|" Patrick J Krysan"
122|" Bret Robert Larget"
123|" Elizabeth Larson"
124|" James Marion Lattis"
125|" Diane Ruth Lauver"
126|" James Edward Lawler"
127|" Alex Lazarian"
128|" Carol Eunmi Lee"
129|" Youngsook Lee"
130|" Maria Lepowsky"
131|" Lingjun Li"
132|" Ruth Y Litovsky"
133|" Miron Livny"
134|" Wei-Yin Loh"
135|" Andrew J Lokuta"
136|" Robert Scott Lutz"
137|" Zhenqiang Ma"
138|" Marie-Louise Mares"
139|" Jonathan Edward Martin"
140|" Thomas F J Martin"
141|" Suresh Marulasiddappa"
142|" Andrea H Mason"
143|" Kristyn Masters"
144|" Dan Mc Cammon"
145|" Douglas Gordon McNeel"
146|" Sandro Mecozzi"
147|" Ruben Medina"
148|" Julie C Mitchell"
149|" Shigeki Miyamoto"
150|" Alfonso Morales"
151|" Junko Mori"
152|" Amy R Moser"
153|" John Mullahy"
154|" Maria E Muniagurria"
155|" William L Murphy"
156|" Armando Muyolema"
157|" Dan Negrut"
158|" Gregory Francis Nellis"
159|" Robert David Nowak"
160|" David H. O'Connor"
161|" Linda Denise Oakley"
162|" Emiko Ohnuki-Tierney"
163|" Tejumola Olaniyan"
164|" Mario Ortiz-Robles"
165|" Jorge Emilio Osorio"
166|" Ann Carol Palmenberg"
167|" Mari Palta"
168|" Yibin Pan"
169|" Zhongdang Pan"
170|" Manish S Patankar"
171|" Robert Allen Pearce"
172|" Joel A Pedersen"
173|" Francisco J Pelegri"
174|" Kristina Lea Penniston"
175|" Grant W Petty"
176|" Travis Rayne Pickering"
177|" J Wesley Pike"
178|" Jose A Pincheira"
179|" Julie Anne Poehlmann"
180|" Tomas Alberto Prolla"
181|" Luigi Puglielli"
182|" Sadhana Puntambekar"
183|" John Ralph"
184|" Bin Ran"
185|" Scott A Rankin"
186|" Ivan Rayment"
187|" Patrick L'Heureux Remington"
188|" Mark P Richards"
189|" Robin Rider"
190|" Amos Ron"
191|" Carol Ryff"
192|" Mark Saffman"
193|" Eric Paul Sandgren"
194|" Matyas Sandor"
195|" Majid Sarmadi"
196|" Daniel Meilahn Schaefer"
197|" Jeffrey Robert Schmidt"
198|" Linda Ann Schuler"
199|" Andreas Seeger"
200|" Mark S Seidenberg"
201|" Timo Seppalainen"
202|" Russ Shafer-Landau"
203|" Jun Shao"
204|" Vadim Shapiro"
205|" Michael Dennis Sheets"
206|" Nader Sheibani"
207|" Leyuan Shi"
208|" Gary Shiu"
209|" Edwin L. Sibert"
210|" Gail Simpson"
211|" Igor I Slukvin"
212|" Lloyd M Smith"
213|" Randy R. Stoecker"
214|" Krishnan Suresh"
215|" Adel Mohamed Talaat"
216|" Ei Terasawa-Grilley"
217|" Jill Thein"
218|" Bruce Robert Thomadsen"
219|" Randal Scot Tibbetts"
220|" Basil Tikoff"
221|" Peter T Timbie"
222|" Francois V Tochon"
223|" Giulio Tononi"
224|" Manon Van De Water"
225|" David John Vanness"
226|" Tomy Varghese"
227|" Raghu Vemuganti"
228|" Ajit Kumar Verma"
229|" James R Walker"
230|" Thad G Walker"
231|" Lee Palmer Wandel"
232|" Anja Wanner"
233|" Craig Werner"
234|" Justin Cole Williams"
235|" Kirsten Wolf"
236|" Robert Claude Woods"
237|" Stephen J Wright"
238|" Sau Lan Yu Wu"
239|" Huifang Xu"
240|" Wei Xu"
241|" Tonghai Yang"
242|" Arun Yethiraj"
243|" Jerry Chi-Ping Yin"
244|" John Yin"
245|" Tehshik Yoon"
246|" Lian Yu"
247|" Martin Thomas Zanni"
248|" Hongming Zhang"
249|" Suchun Zhang"
250|" Jing Zheng"
251|" Shiyu Zhou"
252|" A-Xing Zhu"
253|" Jun Zhu"
254|" Ellen G Zweibel"
255|" David H. Abbott"
256|" Nicholas Abbott"
257|" Olufunmilola Abraham"
258|" Steven Ackerman"
259|" Peter Gabriel Adamczyk"
260|" Angel Francisco Adames-Corraliza"
261|" Megan Adams"
262|" Sarah Adcock"
263|" SUE Ahn"
264|" Naoki Aizawa"
265|" DAVID Al-Adra"
266|" Awni M Al-Subu"
267|" Elaine Alarid"
268|" Aws Albarghouthi"
269|" Laura Albert"
270|" Kayla Alessandrino"
271|" Martha W. Alibali"
272|" Matt Allen"
273|" Monique Allewaert"
274|" Mark C Allie"
275|" ELIZABETH Alvarez"
276|" Daniel Amador-Noguez"
277|" Richard M. Amasino"
278|" Zhe Gigi An"
279|" Karthik Anantharaman"
280|" David Anderson"
281|" Mark Anderson"
282|" Peter Anderson"
283|" Richard A. Anderson"
284|" David R. Andes"
285|" Susan J Andreae"
286|" Joseph Andrews"
287|" Anna Andrzejewski"
288|" Cecile Ane"
289|" Jean-Michel Ane"
290|" Erika Anna"
291|" John Archambault"
292|" Thomas J. Archdeacon"
293|" BJ Ard"
294|" Alina Arefeva"
295|" Lisa Arendt"
296|" Dima Arinkin"
297|" Michael Arnold"
298|" Neeraj Arora"
299|" Andrea C. Arpaci-Dusseau"
300|" Remzi H. Arpaci-Dusseau"
301|" Francisco Arriaga"
302|" Sophie Ann Aschenbroich"
303|" Randolph Ashton"
304|" Amaya Atucha"
305|" Anjon Audhya"
306|" Karla Ausderau"
307|" Joe Austerweil"
308|" Richard Avramenko"
309|" Eric Bach"
310|" Jonathan F. Bach"
311|" Taiya Renae Bach"
312|" Larissa E Back"
313|" Hussain U. Bahia"
314|" Yang Bai"
315|" Megan Bailon"
316|" Bernadette Baker"
317|" Tracy Baker"
318|" Aydin Bal"
319|" A. B. Balantekin"
320|" Brian A Baldo"
321|" Bianca J. Baldridge"
322|" Cody Baldwin"
323|" Nick Balster"
324|" Jeri Barak-Cunningham"
325|" Erin Murphy Barbato"
326|" Vernon Barger"
327|" Joseph Barich"
328|" Carl Barlett"
329|" Jill Barnes"
330|" Faolain Barrett"
331|" Lyric C Bartholomay"
332|" Kyle Bartholomew"
333|" Lesley Bartlett"
334|" Jeb Barzen"
335|" Cheryl Bauer-Armstrong"
336|" Annie Bauer"
337|" Daniel Bauer"
338|" David Baum"
339|" John E Bayouth"
340|" Jeremy Paul Beach"
341|" Elizabeth B Bearden"
342|" Robert Beattie"
343|" Keith Bechtol"
344|" Bryan P Bednarz"
345|" Richard J. Begam"
346|" Nader Behdad"
347|" Kata Beilin"
348|" David R Bell"
349|" Amy Bellmore"
350|" William M. Bement"
351|" Barbara B Bendlin"
352|" Andrew Bent"
353|" Lawrence M Berger"
354|" Uwe Bergmann"
355|" Jim Berkelman"
356|" Matthew Berland"
357|" Kristen Bernard"
358|" Craig Berridge"
359|" John Ferguson Berry"
360|" Matthew Bershady"
361|" Lisa Bertram"
362|" Timothy H. Bertram"
363|" Natalie Anne Betz"
364|" Anita Bhattacharyya"
365|" Muna Bhattarai"
366|" Rikhil Bhavnani"
367|" Ksenija Bilbija"
368|" Andi Bill"
369|" Ian M. Bird"
370|" Rasmus Birn"
371|" Lauren Bishop"
372|" Malachy Liam Bishop"
373|" Amos Bitzan"
374|" Dale E. Bjorling"
375|" Kevin Black"
376|" Helen E. Blackwell"
377|" Seth Blair"
378|" Paul Block"
379|" Wally Block"
380|" Natalie Blonien"
381|" Barak Blum"
382|" Hannah Beth Blum"
383|" Adam J Bock"
384|" Derek Steven Boeldt"
385|" Stanislav Boldyrev"
386|" Bradley Warren Bolling"
387|" Daniel Bolt"
388|" Melanie Boly"
389|" Chloe Bonamici"
390|" John H. Booske"
391|" Sriram Boothalingam"
392|" Tulika Bose"
393|" Gilles Bousquet"
394|" Justin J. Boutilier"
395|" Leslie Bow"
396|" Barbara Bowers"
397|" Katherine A. Bowie"
398|" Joseph Bowling"
399|" AJ Boydston"
400|" Christopher Bradfield"
401|" Victor W. Brar"
402|" Allan R Brasier"
403|" Lisa Bratzke"
404|" Markus Brauer"
405|" Emery H. Bresnick"
406|" Ryan Mark Breuer"
407|" Harry Brighouse"
408|" Curt A. Bronkhorst"
409|" Nathaniel Phillips Brooks"
410|" Sabrina Helen Brounts"
411|" David A. Brow"
412|" Bradford Brown"
413|" Stephanie Budge"
414|" Tim S Bugni"
415|" Tim Buhl"
416|" Andrew R Buller"
417|" Erika C Bullock"
418|" Corinna Burger"
419|" Richard Burgess"
420|" Zuzana Burivalova"
421|" Linnea Burk"
422|" Mark Edward Burkard"
423|" Kristy Burkholder"
424|" Judith N. Burstyn"
425|" Brian A. Burt"
426|" Alexandra Jane Burton"
427|" Briana Burton"
428|" Samuel E. Butcher"
429|" Andrea Bykovskyi"
430|" Michael Edward Cahill"
431|" Jin-Yi Cai"
432|" Weibo Cai"
433|" Andrei Caldararu"
434|" Joshua Calhoun"
435|" Kenneth Cameron"
436|" Starr Cameron"
437|" Paul Campagnola"
438|" Jason R. Cantor"
439|" Jessica Cao"
440|" Christian Capitini"
441|" Michael Cardiff"
442|" Duncan Carlsmith"
443|" Jane Carlson"
444|" Marcy Carlson"
445|" Jill Casid"
446|" Kimberly J Caul"
447|" Juliet Caviness"
448|" Giuliana Chamedes"
449|" Hao Chang"
450|" Qiang Chang"
451|" Edwin R. Chapman"
452|" Richard J. Chappell"
453|" Rahul Chatterjee"
454|" Jean-paul Chavas"
455|" Monika Chavez"
456|" Guanhua Chen"
457|" Lianyi Chen"
458|" Nan Chen"
459|" Cindy I Cheng"
460|" Karie Lynn Cherwin"
461|" Naomi Chesler"
462|" Betty Chewning"
463|" Sally Chisholm"
464|" Christopher Choi"
465|" Kyoung-Shin Choi"
466|" Willie Choi"
467|" Marni Choice-Hermosillo"
468|" Jennifer Choy"
469|" Michelle Chui"
470|" Daniel J Chung"
471|" Chiara Cirelli"
472|" Michelle Ciucci"
473|" Amy E Claessens"
474|" Christy Clark-Pujara"
475|" Laurie Beth Clark"
476|" Hayley Clatterbuck"
477|" Jim Claus"
478|" Colleen E Cobey"
479|" Daniel G Cobian"
480|" Amy Cochran"
481|" Eric Codner"
482|" Russ Coff"
483|" Lara Collier"
484|" J. Michael Collins"
485|" Ricki Jean Colman"
486|" Sara Colopy"
487|" Jed Colquhoun"
488|" Luis A Columna"
489|" Jessica Deborah Conaway"
490|" Shawn Conley"
491|" Nadine Connor"
492|" Dane B Cook"
493|" Kerri Coon"
494|" Mark Copelovitch"
495|" Dean Corbae"
496|" Erin Susan Costanzo"
497|" Meghan Cotter"
498|" Adrien Couet"
499|" Anna M. Bishop Courtier"
500|" Michael M. Cox"
501|" Scott Coyle"
502|" Richard Crabb"
503|" Gheorghe Craciun"
504|" James Crall"
505|" Steven Cramer"
506|" Mark W Craven"
507|" LaTasha K. Crawford"
508|" Elton Crim"
509|" Wendy Crone"
510|" Caro Cruys"
511|" Vincent Cryns"
512|" Wesley Stuart Culberson"
513|" Lindsey Culp"
514|" Tom Curry"
515|" John J. Curtin"
516|" Katherine J Curtis"
517|" Marah Curtis"
518|" Elizabeth Cutchin"
519|" Cynthia M. Czajkowski"
520|" Loris D'Antoni"
521|" Elena D'Onghia"
522|" Jun Dai"
523|" Thomas Dale"
524|" Ellen Damschen"
525|" Sridhara Dasu"
526|" Gillian Davies"
527|" Dawn Belt Davis"
528|" Elise C Davis"
529|" Azadeh Davoodi"
530|" Julie Dawson"
531|" Natalia De Leon Gatti"
532|" Doug Dean"
533|" Douglas J Deboer"
534|" Ritt Deitz"
535|" Alberto Del Pia"
536|" Hector F. Deluca"
537|" Dustin Alan Deming"
538|" Ilhan Demiralp"
539|" Anna Lisa Demosthenes"
540|" Yongheng Deng"
541|" Joseph Dennis"
542|" Erik Wolfe Dent"
543|" John M Denu"
544|" Ankur R Desai"
545|" Judy Dewane"
546|" Mahua Dey"
547|" Aparna Dharwadker"
548|" Ilias Diakonikolas"
549|" Jelena Diakonikolas"
550|" John B Diamond"
551|" Stephanie Josephine Diem"
552|" Matthew Digman"
553|" Joseph Dillard"
554|" Janean Dilworth-Bart"
555|" Huy Q Dinh"
556|" Lori Diprete Brown"
557|" Tim Donohue"
558|" Doerte Dopfer"
559|" Bonnie Doren"
560|" Grayson Doss"
561|" Jon Douglas"
562|" Paul Dower"
563|" Leon Scott Downing"
564|" Alex Dressler"
565|" Kristofer Dressler"
566|" Henry J. Drewal"
567|" Jessica Drewry"
568|" Caroline Druschke"
569|" Sheldon Du"
570|" Thomas DuBois"
571|" Barbara L. Duerst"
572|" Hilary A Dugan"
573|" James Dumesic"
574|" Jeanne Marie Duncan"
575|" Allison Fran Dusick"
576|" Andrea Dutton"
577|" Jennifer Lynn Dykema"
578|" John Eason"
579|" Joshua Seth Eaton"
580|" Larry Edgerton"
581|" Morgan Edwards"
582|" Jan Egedal"
583|" Deborah B Ehrenthal"
584|" David E Ehrlich"
585|" David Eide"
586|" Rick Eisenstein"
587|" Marlowe W. Eldridge"
588|" Johanna Elfenbein"
589|" Kevin William Eliceiri"
590|" Jordan Ellenberg"
591|" Susan Ellis Weismer"
592|" Shelby Lynn Ellison"
593|" Felix Elwert"
594|" Jeffrey Endelman"
595|" Gordon Enderle"
596|" Corinne D Engelman"
597|" Michal Engelman"
598|" Feyza Soniye Engin"
599|" Jonathan W Engle"
600|" Robert D. Enright"
601|" Jose Luis Enriquez"
602|" Amber Epp"
603|" Melih Eriten"
604|" Ivan Ermakoff"
605|" Daniel Erman"
606|" Anne Ersig"
607|" Kristin Eschenfelder"
608|" Sylvia Escott-Stump"
609|" Gwen Eudey"
610|" David Todd Evans"
611|" Paul G. Evans"
612|" Lisa L Everett"
613|" Claire Lois Faletti"
614|" Jing Fan"
615|" Ke Fang"
616|" Walid A Farhat"
617|" Kassem Fawaz"
618|" Dawei Feng"
619|" Jeanne Marie Byron Ferguson"
620|" Earlence Fernandes"
621|" Luiz Ferraretto"
622|" Tatiana Henriques Ferreira"
623|" Ken Ferrier"
624|" Michael Ferris"
625|" Jason M Fletcher"
626|" Eric Fluga"
627|" Kelly Flynn"
628|" Jeremy Foltz"
629|" Jay Ford"
630|" Cary Forest"
631|" Katrina T. Forest"
632|" Lisa J. Forrest"
633|" Stacy Forster Benedict"
634|" Cynthia Fowler"
635|" Brian G. Fox"
636|" Catherine A Fox"
637|" Martin Foys"
638|" Linda Francetic Lepe"
639|" Christian Franck"
640|" Jennifer Franck"
641|" Frankie Frank"
642|" Dante Fratta"
643|" Steven Fredette"
644|" Daniel C Fredrickson"
645|" Zac Freedman"
646|" Paul Fricke"
647|" Susan Friedman"
648|" Thomas Friedrich"
649|" Chao Fu"
650|" Anna Margaret Gade"
651|" Fabio Gaertner"
652|" Catherine L Gallagher"
653|" Andrea Galmozzi"
654|" David Gamm"
655|" Martin Ganco"
656|" Amy Elizabeth Gangl"
657|" Song Gao"
658|" Etienne Garand"
659|" Sharon G Gartland"
660|" David Gasper"
661|" Ying Ge"
662|" Matt Gebbie"
663|" Benedikt Geiger"
664|" Marianthi Rose Gelatos"
665|" Samuel H. Gellman"
666|" Aristotle Georgiades"
667|" Theodore P. Gerber"
668|" Jim Gern"
669|" Morton Ann Gernsbacher"
670|" Amanda Jane Gevens"
671|" Naomi Geyer"
672|" Jaal Ghandhi"
673|" Holly Kristen Gibbs"
674|" Barry Gidal"
675|" Pupa Gilbert"
676|" Simon Gilroy"
677|" Anthony Gitter"
678|" Thomas J. Givnish"
679|" Michael Gleicher"
680|" Lanny Glinberg"
681|" Alberta M. Gloria"
682|" Alexey Glukhov"
683|" Chad Alan Goldberg"
684|" Tony Goldberg"
685|" Jennifer Golden"
686|" Irwin Goldman"
687|" Hill Goldsmith"
688|" Randall H Goldsmith"
689|" Thaddeus G. Golos"
690|" SHAOQIN SARAH Gong"
691|" Diane Carol Gooding"
692|" Vadim Gorin"
693|" Richard Gourse"
694|" Mike Graham"
695|" Stephanie Graham"
696|" Corbett Grainger"
697|" Carl Grant"
698|" Monica J Grant"
699|" Timothy Grant"
700|" Beth Graue"
701|" Lucas Graves"
702|" Sarah Graves"
703|" C. Shawn Green"
704|" Philip Greenwood"
705|" Gerit Grimm"
706|" Rachel Grob"
707|" Guy Groblewski"
708|" Eric Grodsky"
709|" Laura Grossenbacher"
710|" Russell Groves"
711|" Kreg Gruben"
712|" Christelle Guedot"
713|" Jenny Gumperz"
714|" Wei Guo"
715|" Mohit Gupta"
716|" Lucia Gutierrez Chacon"
717|" Sara Guyer"
718|" Douglas B Hadley"
719|" Elizabeth Hagermoser"
720|" Susan Hagness"
721|" Aviad Hai"
722|" Theodore Halbach"
723|" RICH Halberg"
724|" Kristine Marie Hallisy"
725|" Mary Halloran"
726|" Sarah Halpern-Meekin"
727|" Erica Halverson"
728|" Francis L. Halzen"
729|" Jesse Clay Hampton"
730|" Lu Han"
731|" Awad Hanna"
732|" Anne Hansen"
733|" David Hansen"
734|" Karen Elizabeth Hansen"
735|" Kael D Hanson"
736|" LANE L Hanson"
737|" Paul Conrad Hanson"
738|" Judith Harackiewicz"
739|" Robert J. Hardie"
740|" Jeff Hardin"
741|" Amber Rae Haroldson"
742|" Greg Harrington"
743|" Michelle Harris"
744|" Melissa Harrison"
745|" Richard W. Hartel"
746|" Alfred Hartemink"
747|" Sigan Hartley"
748|" Amy Hartman"
749|" Scott Austin Hartman"
750|" Dawnene Hassett"
751|" Margaret Hawkins"
752|" Shawna Hawkins"
753|" John Hawks"
754|" Mary Hayney"
755|" Chris Hegna"
756|" Bryan Heiderscheit"
757|" Kaitlyn Nicole Heinlein"
758|" Sebastian Heinz"
759|" Corinne Henak"
760|" Douglass Henderson"
761|" Stephanie A Henderson"
762|" Kenneth Hendricks"
763|" Jamie Henke"
764|" Kevin Lawrence Henry Jr"
765|" Katherine A. Henzler"
766|" Pa Her"
767|" Matt Hermann"
768|" Ive Hermans"
769|" Gabrielle Marisa Hernandez"
770|" Laura Hernandez"
771|" Diego Hernando"
772|" Michael T. Hernke"
773|" Yoshiko Herrera"
774|" Ryan Herringa"
775|" Jennifer Loraine Heyward"
776|" Andrea Hicks"
777|" Nicholas Hillman"
778|" Stephen Hilyard"
779|" Chris Todd Hittinger"
780|" Li-Ching Ho"
781|" Lisa Ho"
782|" Eric Joseph Hoffman"
783|" Leslie Holland"
784|" TRACEY Holloway"
785|" Chelsea Holschbach"
786|" Seungpyo Hong"
787|" Mrinalini Hoon"
788|" Troy Hornberger"
789|" Aaron Hoskins"
790|" Sara Hotchkiss"
791|" Jean-Francois Houde"
792|" Eric Hoyt"
793|" William Hoyt"
794|" Andrew Hryckowian"
795|" David Hsu"
796|" Jiamian Hu"
797|" Quanyin Hu"
798|" YU HEN Hu"
799|" Jingyi Huang"
800|" Qunying Huang"
801|" Xin Huang"
802|" Edward Hubbard"
803|" George Huber"
804|" Rania Huntington"
805|" James Hurley"
806|" Jeremy Hutton"
807|" Tu Anh Huynh"
808|" Armando Ibarra"
809|" Barbara H. Ingham"
810|" Anthony R. Ives"
811|" Gopal Iyer"
812|" Randy Jackson"
813|" Tarakee M Jackson"
814|" David F. Jarrard"
815|" Cynthia Jasper"
816|" Sarah Jedd"
817|" Olaf Jensen"
818|" Jiaoyang Jiang"
819|" Eric Christian Johannsen"
820|" Amaud Johnson"
821|" Becky Johnson"
822|" David W Johnson"
823|" Derek Johnson"
824|" Jeffrey Johnson"
825|" Kelsey Johnson"
826|" Kevin Michael Johnson"
827|" Michelle Johnson"
828|" Nathan Barrette Johnson"
829|" Sterling Johnson"
830|" Sarah Johnston"
831|" MATT Jones"
832|" Joan Jorgensen"
833|" Anja Jovic-Humphrey"
834|" Robert J. Joynt"
835|" Sara L Jozwik"
836|" Mike Judge"
837|" Mehdi Kabbage"
838|" Heidi Kaeppler"
839|" Shawn Kaeppler"
840|" Robert Kaiser"
841|" Lindsay Kalan"
842|" Rob Kalejta"
843|" Ned H. Kalin"
844|" Tim Kamp"
845|" Hyunseung Kang"
846|" Junsu Kang"
847|" Stephanie Kann"
848|" David Kaplan"
849|" Daniel Kapust"
850|" Krishnapuram Karthikeyan"
851|" Mikhail Kats"
852|" Margarita Kaushanskaya"
853|" Jason K Kawasaki"
854|" Ron Kean"
855|" Sunduz Keles"
856|" Nancy Keller"
857|" Richard C Keller"
858|" Carolyn Kelley"
859|" Heidi Kellihan"
860|" Clay Kelly"
861|" Kristy Kelly"
862|" Michael L J Kemeny"
863|" Nancy O. Kendall"
864|" John Kennan"
865|" Shannon Kenney"
866|" Jonathan Mark Kenoyer"
867|" Autumn Exum Kent"
868|" Mara Kieser"
869|" Patricia J. Kiley"
870|" Stephen Kilgus"
871|" Yea-Seul Kim"
872|" Younghyun Kim"
873|" Judith Kimble"
874|" Randy Kimple"
875|" Barbara King"
876|" Steve King"
877|" Melissa Kinney"
878|" Robert Nicholas Kirchdoerfer"
879|" Heather Kirkorian"
880|" Rishabh Kirpalani"
881|" Marc Kleijwegt"
882|" Stephanie Kliethermes"
883|" DAN Klingenberg"
884|" Laura Knoll"
885|" Paul Koch"
886|" Mike Koenigs"
887|" Sage Kokjohn"
888|" Shimon Kolkowitz"
889|" Jooyoung Kong"
890|" Adam Konopka"
891|" Ramya Korlakai Vinayak"
892|" Frank Richard Korosec"
893|" Robert Joseph Kotloski"
894|" Paris Koutris"
895|" Pam Kreeger"
896|" Bhuvana Krishnaswamy"
897|" Katie Krueger"
898|" Eric Kruger"
899|" Christopher Kucharik"
900|" Adam Kuchnia"
901|" Amy V. Kucin"
902|" Cindy Kuhrasch"
903|" Ronald Kuka"
904|" Sathish Kumar"
905|" Loren Kuzuhara"
906|" Jason Kwan"
907|" Michelle Kwasny"
908|" Kristine Kwekkeboom"
909|" Glen Kwon"
910|" Andrew Kydd"
911|" Tristan S L'Ecuyer"
912|" Tara Lea La Rowe"
913|" Paul Laeseke"
914|" Roderic Lakes"
915|" Paul Lambert"
916|" Dudley W Lamming"
917|" Robert Landick"
918|" Clark R. Landis"
919|" Joshua Michael Lang"
920|" Richard Lankau"
921|" Mark J Laplante"
922|" Stacie Laplante"
923|" Jimena Laporta"
924|" Erin Lashnits"
925|" Aaron M. Lebeau"
926|" Alicia Lee"
927|" Grace Lee"
928|" Helen Lee"
929|" John Lee"
930|" Kangwook Lee"
931|" Stacey Lee"
932|" Brigid Lemburg"
933|" Rasmus Lentz"
934|" Katherine Leonard"
935|" Vanessa Leone"
936|" Bernie Lesieutre"
937|" Alex Levchenko"
938|" Peter W Lewis"
939|" James Li"
940|" Ke Li"
941|" Nan Li"
942|" Qin Li"
943|" Sharon Li"
944|" Wan-Ju Li"
945|" Weijia Li"
946|" Yin Li"
947|" Yingyu Liang"
948|" Yun Liang"
949|" Natalia Libanio Zidan"
950|" Chaeyoon Lim"
951|" Ci Ji Lim"
952|" Jeffrey Linderoth"
953|" Ben Lindley"
954|" Rick Lindroth"
955|" Tom Linsmeier"
956|" Mikko Lipasti"
957|" Robert Jan Lipinski"
958|" Kaibo Liu"
959|" Qing Liu"
960|" Dan Loeb"
961|" samantha loeber"
962|" Steven Paul Loheide II"
963|" Pete Long"
964|" Kevin Look"
965|" Nicole Louie"
966|" Hailey Love"
967|" Lu Lu"
968|" Qiongshi Lu"
969|" John A. Lucey"
970|" Brian Luck"
971|" Daniel Colin Ludois"
972|" Kip Allan Ludwig"
973|" Jim Luedtke"
974|" Jane Renee Lund"
975|" Gary Lupyan"
976|" Christopher C Luzzio"
977|" David M. Lynn"
978|" Chu Ma"
979|" MONICA Macaulay"
980|" Maryellen MacDonald"
981|" John Mackay"
982|" Hiroshi Maeda"
983|" Lorenzo Magnolfi"
984|" Katherine Anne Magnuson"
985|" Michael Maguire"
986|" Ahmed I Mahmoud"
987|" Erica L-W Majumder"
988|" Kinjal Majumder"
989|" Kristen Malecki"
990|" Krista-Lee Meghan Malone"
991|" Mark Mandel"
992|" Terry Michael Mann"
993|" Christoph Mans"
994|" Lu Mao"
995|" Christos Maravelias"
996|" Shaun Andrew Marcott"
997|" Amanda Margolis"
998|" Erika Marin-Spiotta"
999|" Paul Marker"
1000|" Catherine Marler"
1001|" Elizabeth Maroon"
1002|" Ann Marsh"
1003|" Jeffrey D Martell"
1004|" Beth Martin"
1005|" JP Martins"
1006|" Farid Masrour"
1007|" Michael A Massoglia"
1008|" Patrick Masson"
1009|" Robert D. Mathieu"
1010|" MANOS Mavrikakis"
1011|" Luke Mawst"
1012|" Laurentiu Maxim"
1013|" Joshua B Mayers"
1014|" Brian W Mayhew"
1015|" Jonathan Francis Mc Anulty"
1016|" Douglas Mc Leod"
1017|" Erin K. McBride"
1018|" Megan McClean"
1019|" Tim McClurg"
1020|" Kate McCulloh"
1021|" Robert F McDermott"
1022|" Colleen M McDowell"
1023|" Brian D McInnes"
1024|" Christopher McKelvey"
1025|" Maxine McKinney De Royston"
1026|" Sara McKinnon"
1027|" Gillian McLellan"
1028|" Rachel McMahon"
1029|" Robert J. McMahon"
1030|" Trina McMahon"
1031|" James McMaster"
1032|" Alan Blair McMillan"
1033|" Andrew McWard"
1034|" Andrew Mehle"
1035|" Matthew James Merrins"
1036|" Beth Meyerand"
1037|" Stephen R Meyers"
1038|" Mary Davis Michaud"
1039|" Tony Michels"
1040|" Carla Michini"
1041|" JAMIE Mickelson"
1042|" Jan Miernowski"
1043|" Srdjan Milicic"
1044|" Barton P. Miller"
1045|" Dennis Miller"
1046|" Franklin Miller"
1047|" Joseph S Miller"
1048|" James E Mills"
1049|" Sangkee Min"
1050|" Yonatan Mintz"
1051|" - Mitch"
1052|" Meg Mitchell"
1053|" Abdollah Mohammadi"
1054|" Margaret E. Mooney"
1055|" Darcie Moore"
1056|" Page Moreau"
1057|" Megan Andreas Moreno"
1058|" Dane Morgan"
1059|" Michael C. Morgan"
1060|" Jeremy Morris"
1061|" Zachary Morris"
1062|" Deane F. Mosher"
1063|" David Mott"
1064|" Freya Mowat"
1065|" Kimberly Diggle Mueller"
1066|" Peter Muir"
1067|" Anita Mukherjee"
1068|" Moritz Munchmeyer"
1069|" Regina Murphy"
1070|" Viren Murthy"
1071|" Bilge Mutlu"
1072|" Brendon Mark Nacewicz"
1073|" Takako Nakakubo"
1074|" Mitchell Nathan"
1075|" Gil Nathanson"
1076|" Grant Nelsestuen"
1077|" Adam Nelson"
1078|" Evan Othmer Nelson"
1079|" John Nelson"
1080|" Jeniel Emily Nett"
1081|" Heidi Marie Neuhauser"
1082|" Donna M. Neumann"
1083|" Leonora Neville"
1084|" Todd Paul Newman"
1085|" Phillip A Newmark"
1086|" Michael A. Newton"
1087|" Frederic Neyrat"
1088|" Amy Elizabeth Nichelason"
1089|" Robert W. Nickells"
1090|" Paula Niedenthal"
1091|" Sonny Aaron Nimityongskul"
1092|" Amit Nimunkar"
1093|" Robert Nix"
1094|" Jenna Elizabeth Nobles"
1095|" Daniel Noguera"
1096|" Jacob Notbohm"
1097|" David Noyce"
1098|" James Ntambi"
1099|" Shelby Lynn O'Connor"
1100|" Gale Oakes"
1101|" Karen Suzanne Oberhauser"
1102|" Jon S. Odorico"
1103|" Umit Yusuf Ogras"
1104|" Kristopher N Olds"
1105|" Thomas R Oliver"
1106|" Terri Lynn Ollivett"
1107|" Christa Olson"
1108|" Taylor Opgenorth"
1109|" John L Orrock"
1110|" Tim Osswald"
1111|" Marisa Otegui"
1112|" Mutlu Ozdogan"
1113|" Gregory Pac"
1114|" Darcy Padilla"
1115|" Sean Palecek"
1116|" Lindsay Palmer"
1117|" Wenxiao Pan"
1118|" Xuan Pan"
1119|" Xuejun Pan"
1120|" Dimitris Papailiopoulos"
1121|" Lauren Papp"
1122|" Amy Parins"
1123|" Jim Park"
1124|" Yeonhee Park"
1125|" Dominic Parker"
1126|" Brian Parks"
1127|" Gustavo Parra-Montesinos"
1128|" John J. Parrish"
1129|" Susan Paskewitz"
1130|" Jignesh Manubhai Patel"
1131|" Bikash R Pattnaik"
1132|" Jonathan Patz"
1133|" Jonathan Pauli"
1134|" Timothy Paustian"
1135|" Bret Payseur"
1136|" Sam Pazicni"
1137|" Kristen Pecanac"
1138|" Simon F. Peek"
1139|" M Peery"
1140|" Mariana A Pehar"
1141|" Emily Pellatt"
1142|" David Pelletier"
1143|" MacKenzie Arlah Pellin"
1144|" Francisco Penagaricano"
1145|" Mario Pennella"
1146|" Caitlin S Pepperell"
1147|" John Perepezko"
1148|" Jacquelyn Hunter Perino"
1149|" Nicole T. Perna"
1150|" David Perry"
1151|" Jason M Peters"
1152|" Kim Peterson"
1153|" Jon Pevehouse"
1154|" Frank Pfefferkorn"
1155|" Brian Pfleger"
1156|" John Pfotenhauer"
1157|" Daniel Phaneuf"
1158|" Katherine Anne Phelps"
1159|" Kristin Phillips-Court"
1160|" Gene Phillips"
1161|" Valentin Picasso Risso"
1162|" Kristen A Pickett"
1163|" Ann Marie Picone"
1164|" Anna Pidgeon"
1165|" Debra Pierce"
1166|" Robert Bradley Pierce"
1167|" Daniel Pimentel Alarcon"
1168|" Marie E Pinkerton"
1169|" Ali Pirasteh"
1170|" David Thomas Plante"
1171|" Jessica Poehls"
1172|" Seth Pollak"
1173|" Suzanne Marie Ponik"
1174|" Kevin Ponto"
1175|" John E Pool"
1176|" Luis C. Populin"
1177|" Jack R. II Porter"
1178|" Hart E Posen"
1179|" Linn Posey-Maddox"
1180|" Brad Postle"
1181|" Kenneth Potter"
1182|" Pavana Prabhakar"
1183|" Vivek Prabhakaran"
1184|" Elizabeth Premo"
1185|" Anne Pringle"
1186|" Jessica Pritchard"
1187|" Bill Provencher"
1188|" John Puccinelli"
1189|" Tracy Jane Puccinelli"
1190|" Nimish Pujara"
1191|" Tom Purnell"
1192|" James E. Pustejovsky"
1193|" Xiaoping Qian"
1194|" Mohan Qin"
1195|" Dan Quint"
1196|" Steve Quintana"
1197|" Erwan Quintin"
1198|" Molly Racette"
1199|" Volker Radeloff"
1200|" Robert Radwin"
1201|" Julie Rae"
1202|" Dane Michael Rahoi"
1203|" Eric Raimy"
1204|" Aurelie Rakotondrafara"
1205|" Vatsan Raman"
1206|" Parmesh Ramanathan"
1207|" Alyssa M Ramirez"
1208|" Karanbir Randhawa"
1209|" Rajiv G Rao"
1210|" Martina Rau"
1211|" Brian Rebel"
1212|" Joao Reboucas Dorea"
1213|" M Thomas Record Jr."
1214|" Scott B Reeder"
1215|" William Reese"
1216|" Douglas Reindl"
1217|" Theodoros Rekatsinas"
1218|" Christy Remucal"
1219|" Jonathan Renshon"
1220|" Mark Renz"
1221|" Thomas Reps"
1222|" Federico Rey"
1223|" Matthew R. Reynolds"
1224|" Daniel Rhodes"
1225|" Claire Richardson"
1226|" Lucas Richert"
1227|" Steven C. Ricke"
1228|" Will Ricke"
1229|" Timothy Riddiough"
1230|" Chad M Rienstra"
1231|" Carrie Jackson Riley"
1232|" Renee Arielle Rioux"
1233|" Adena Rissman"
1234|" Lauren Riters"
1235|" Line A Roald"
1236|" Stephanie Robert"
1237|" Mary Louise Roberts"
1238|" Tonya Roberts"
1239|" Amber Robertson Smith"
1240|" Gail A. Robertson"
1241|" Morgan Robertson"
1242|" Susan Robinson"
1243|" Sebastien Roch"
1244|" Eric Roden"
1245|" Jose Israel Rodriguez"
1246|" Joel Rogers"
1247|" Timothy T Rogers"
1248|" Karl Rohe"
1249|" Alejandro Roldan"
1250|" Jon Roll"
1251|" Diego X Roman"
1252|" Eduardo Romero Arvelo"
1253|" Philip Romero"
1254|" Michelle Rondon"
1255|" Sean Martin Ronnekleiv-Kelly"
1256|" Avtar S Roopra"
1257|" Thatcher Root"
1258|" Guilherme J De Magalhaes Rosa"
1259|" Warren Rose"
1260|" Ari Rosenberg"
1261|" Douglas Rosenberg"
1262|" Margie Rosenberg"
1263|" Melissa Anne Rosenkranz"
1264|" David Rosenthal"
1265|" Cooper Rosin"
1266|" Graham Christopher Rossi"
1267|" Marzena J Rostek"
1268|" Joshua Daniel Roth"
1269|" David Rothamer"
1270|" Angela Rowe"
1271|" Sushmita Roy"
1272|" Matthew Ruark"
1273|" Shiva Rudraraju"
1274|" Stephan Rudykh"
1275|" Kim Ruhl"
1276|" Lixin Rui"
1277|" Patrick Rumble"
1278|" Troy Runge"
1279|" Andrea Ruppar"
1280|" Rosemary Russ"
1281|" Julia Rose Rutledge"
1282|" Helena Rylander"
1283|" Mark Rzchowski"
1284|" Yuri B. Saalmann"
1285|" Jenny Saffran"
1286|" Adrianna Sage"
1287|" Lesley Sager"
1288|" Krishanu Saha"
1289|" Fred Sala"
1290|" Wilmara Salgado Pabon"
1291|" Dorothea Salo"
1292|" Tina Marie Salzman"
1293|" Jayshree Samanta"
1294|" Susannah Sample"
1295|" Nathan Sandbo"
1296|" Scott Sanders"
1297|" Karu Sankaralingam"
1298|" Joshua Sanmiguel"
1299|" John Sarff"
1300|" Bulent Sarlioglu"
1301|" Carolina Sarmiento"
1302|" JD Sauer"
1303|" Jonathan Scharrer"
1304|" Katherine Elizabeth Schaumberg"
1305|" Laura Schechter"
1306|" Karen Schloss"
1307|" Calico Esther Schmidt"
1308|" J.R. Schmidt"
1309|" Peggy L Schmidt"
1310|" Joan Schmit"
1311|" Oliver Schmitz"
1312|" Annemarie Schneider"
1313|" Jennifer M Schomaker"
1314|" Sean Schoville"
1315|" William Greg Schrage"
1316|" Marcel Schreier"
1317|" Steven J Schrodi"
1318|" Carrie Ann Schroeder"
1319|" Tracy Schroepfer"
1320|" Makayla Schuchardt"
1321|" Nathan Schulfer"
1322|" Amy Schultz"
1323|" Kelly Kathleen Schultz"
1324|" Christine Renee Schwartz"
1325|" David C. Schwartz"
1326|" Howard Schweber"
1327|" Simone Schweber"
1328|" Courtney Lane Seidel"
1329|" Gay W. Seidman"
1330|" Pamela Sue Semrad-Doolittle"
1331|" Alessandro Senes"
1332|" Ananth Seshadri"
1333|" Mary Sesto"
1334|" Vijayasaradhi Setaluri"
1335|" Bill Sethares"
1336|" Eric L Severson"
1337|" David Williamson Shaffer"
1338|" Dhavan Shah"
1339|" Manish Shah"
1340|" Dhanu Shanmuganayagam"
1341|" Debra Shapiro"
1342|" Larry Shapiro"
1343|" Prashant Sharma"
1344|" Nathaniel Sharp"
1345|" Alexander Shashko"
1346|" Bret Randall Shaw"
1347|" Miriam A Shelef"
1348|" Nathan Sherer"
1349|" Cherene Sherrard"
1350|" Guanming Shi"
1351|" Peng Shi"
1352|" Morgan R Shields"
1353|" Olayinka Shiyanbola"
1354|" Karl Shoemaker"
1355|" J. Leon Shohet"
1356|" Porter Shreve"
1357|" Eric Shusta"
1358|" John Shutske"
1359|" Kristin Shutts"
1360|" Eftychios Sifakis"
1361|" Hannah Silber"
1362|" Erin Silva"
1363|" Judith A Simcox"
1364|" Erica S Simmons"
1365|" Philipp Simon"
1366|" Matt Sinclair"
1367|" BEN Singer"
1368|" Bradley S. Singer"
1369|" Vikas Singh"
1370|" Raunak Sinha"
1371|" Melissa Skala"
1372|" Bart Skarzynski"
1373|" Kristen Slack"
1374|" Kurt Sladky"
1375|" Adam R Smedema"
1376|" Susan Smedema"
1377|" Leslie Smith III"
1378|" Amanda G Smith"
1379|" Damon Smith"
1380|" Jeffrey A Smith"
1381|" Lesley J. Smith"
1382|" Leslie M. Smith"
1383|" Lones Smith"
1384|" Traci Snedden"
1385|" Ashley Marie Snyder"
1386|" Christopher Snyder"
1387|" Elliott R. Sober"
1388|" Guri Sohi"
1389|" Doug Soldat"
1390|" Claudia Solis Lemus"
1391|" Paul M. Sondel"
1392|" Hiroki Sone"
1393|" Alan T Sorensen"
1394|" Mariya Soskova"
1395|" Jason Soukup"
1396|" Carl Sovinec"
1397|" Edgar Spalding"
1398|" Daniel Spaulding"
1399|" Beverly Speece"
1400|" Michael Speidel"
1401|" Benjamin Thomas Spike"
1402|" Mike Sracic"
1403|" Barbara Jo Sramek"
1404|" Kumar Sridharan"
1405|" Rupa Sridharan"
1406|" Shannon S. Stahl"
1407|" Julie Stamm"
1408|" Aleks Stanic-Kostic"
1409|" Snezana Stanimirovic"
1410|" Donald Stanley"
1411|" Emily Stanley"
1412|" Sam Stechmann"
1413|" Linsey Steege"
1414|" Shawn Steffan"
1415|" James D. Steiner"
1416|" Audra Sterling Von Glahn"
1417|" Walter C Stern"
1418|" Andrew Stevens"
1419|" Collette Stewart"
1420|" Kimberly Keil Stietz"
1421|" Frederick A Stonehouse"
1422|" Ryan Stowe"
1423|" Paul C Stoy"
1424|" Scott Straus"
1425|" Karen B Strier"
1426|" Andrea Strzelec"
1427|" Darilis Suarez-Gonzalez"
1428|" Garret Suen"
1429|" John Scott Surdyk"
1430|" Devika Suri"
1431|" Michael R. Sussman"
1432|" AUSSIE Suzuki"
1433|" Masatoshi Suzuki"
1434|" John Svaren"
1435|" Heather Swan"
1436|" Michael Swift"
1437|" Justin R. Sydnor"
1438|" Izabela Szlufarska"
1439|" Chris Taber"
1440|" Owen James Tamplin"
1441|" Weiping Tang"
1442|" Zhengzheng Tang"
1443|" Swamit Tannu"
1444|" Timothy Nicholas Tansey"
1445|" Sherry Tanumihardjo"
1446|" Sinan Tas"
1447|" Christopher Taylor"
1448|" Michael Taylor"
1449|" Jack Temple"
1450|" Mihaela Teodorescu"
1451|" Paul W. Terry"
1452|" Paul M. Terwilliger"
1453|" Cara Theisen"
1454|" Darryl Thelen"
1455|" Ramathasan Thevamaran"
1456|" Susan Thibeault"
1457|" Jean-Luc Thiffeault"
1458|" Dan Thoma"
1459|" Alvin Thomas"
1460|" Michael Thomas"
1461|" Anita Thompson"
1462|" Craig Thompson"
1463|" Katrina Thompson"
1464|" Mindi Thompson"
1465|" Clifford Thurber"
1466|" Mary Thurber"
1467|" Christopher Tilmann"
1468|" James Tinjum"
1469|" Michael Titelbaum"
1470|" Sonja S Tjostheim"
1471|" Jelena Todorovic"
1472|" Sara E. Tolliver"
1473|" Catalina Toma"
1474|" Adam Townsend"
1475|" Philip Townsend"
1476|" Richard H Townsend"
1477|" William Tracy"
1478|" Hung Vinh Tran"
1479|" Brittany G Travers"
1480|" Sarah Elizabeth Traynor"
1481|" Lauren Trepanier"
1482|" Adrian Treves"
1483|" Charlie Trevor"
1484|" Beverly Jane Trezek"
1485|" Aili Tripp"
1486|" Amy Trowbridge"
1487|" Mario Trujillo"
1488|" Maria Tsoy"
1489|" Michelle Turek"
1490|" Andrew Turner"
1491|" Matthew Turner"
1492|" Monica G. Turner"
1493|" Wendy Turner"
1494|" Lih-Sheng Turng"
1495|" Christos Tzamos"
1496|" Tyler Kent Ulland"
1497|" Daniel Ussishkin"
1498|" David Vail"
1499|" John W. Valley"
1500|" Nathaniel C. Van Asselt"
1501|" Timothy Van Deelen"
1502|" Daniel Van der Weide"
1503|" Peter L E Van Kan"
1504|" Reid C Van Lehn"
1505|" Jennifer Van Os"
1506|" Jan Peter Van Pijkeren"
1507|" Jordan Van Rijn"
1508|" Justin Vandenbroucke"
1509|" Jake Vander Zanden"
1510|" Barry Vanveen"
1511|" Uri Vardi"
1512|" Alberto M Vargas-Prieto"
1513|" Marcelo R Vargas"
1514|" Maxim G Vavilov"
1515|" Raj Veeramani"
1516|" Andreas Udo Velten"
1517|" Shivaram Venkataraman"
1518|" Giri Venkataramanan"
1519|" Ophelia Venturelli"
1520|" Maria Verbrugge"
1521|" Katie Lee Vermillion"
1522|" Chad Vezina"
1523|" Catherine Vieira"
1524|" Katrina Rose Viviano"
1525|" Haley Vlach"
1526|" Paul Voyles"
1527|" Peter B. M. Vranas"
1528|" Sakara Nicole Wages"
1529|" Michael Wagner"
1530|" Mike Wagner"
1531|" Ronald T. Wakai"
1532|" Bastiaan Wakker"
1533|" Denise Walbrandt Pigarelli"
1534|" Julie M Walker"
1535|" Ken Waller"
1536|" Johannes Wallmann"
1537|" Kate Walsh"
1538|" Botong Wang"
1539|" Bu Wang"
1540|" Daifeng Wang"
1541|" Han Wang"
1542|" Jue Wang"
1543|" Miaoyan Wang"
1544|" Tina Wang"
1545|" Xin Wang"
1546|" Xudong Wang"
1547|" Yazhen Wang"
1548|" Yi Wang"
1549|" Ying Wang"
1550|" Dan Wangerin"
1551|" Joanna Wangerin"
1552|" Emily J Ward"
1553|" Melody Ward"
1554|" Peter Thomas Wardrip"
1555|" Shaneda Warren Andersen"
1556|" David Wassarman"
1557|" Jyoti Watters"
1558|" Michel Wattiaux"
1559|" Beth A Weaver"
1560|" Amy Weeks"
1561|" Haoran Wei"
1562|" Jamey P. Weichert"
1563|" Kent Weigel"
1564|" Daniel John Weix"
1565|" Jamie Lynne Welker"
1566|" Deneen Marie Wellik"
1567|" Anjale Devawn Welton"
1568|" Amy Wendt"
1569|" Yiqun Weng"
1570|" Sue Wenker"
1571|" Cody James Wenthur"
1572|" Rodrigo Werle"
1573|" Donna Werling"
1574|" Nicole Werner"
1575|" Kenneth D. West"
1576|" Cara Jean Westmark"
1577|" Charlotte Clare Whatley"
1578|" Deric L Wheeler"
1579|" Heather White"
1580|" Monica M. White"
1581|" Thea Whitman"
1582|" Zach K Wickens"
1583|" Susanna Widicus Weaver"
1584|" Oliver Wieben"
1585|" Douglas A Wiegmann"
1586|" Eric Wilcots"
1587|" Prof John J Wild"
1588|" Jill C. Wildonger"
1589|" Kimber L Wilkerson"
1590|" Grace Wilkinson"
1591|" Jessica Willenbrink"
1592|" JACK W Williams"
1593|" Shelby Rene Williams"
1594|" Paul Wilson"
1595|" Milo Wiltbank"
1596|" James Mark Windsor"
1597|" Rachelle L Winkle-Wagner"
1598|" Matthew James Wiswall"
1599|" Colleen M Witzenburg"
1600|" James Wollack"
1601|" Nancy Yee Ching Wong"
1602|" Michael Willaim Wood"
1603|" Catherine L Woodward"
1604|" Daniel Wright"
1605|" Elizabeth R Wright"
1606|" John Wright"
1607|" Travis Wright"
1608|" Chin H Wu"
1609|" Kevin T. Wyne"
1610|" Tina Xu"
1611|" Xiangru Xu"
1612|" Susan W Yackee"
1613|" Yang Yang"
1614|" Darrel Yap"
1615|" Deniz Yavuz"
1616|" Eric Yen"
1617|" Filiz Yesilkoy"
1618|" Dan Young"
1619|" Morris Young"
1620|" Richard F Young"
1621|" Stephen Young"
1622|" Jae-Hyuk Yu"
1623|" JP Yu"
1624|" Menggang Yu"
1625|" Xiangyao Yu"
1626|" Zongfu Yu"
1627|" Chris Zahasky"
1628|" Megan L Zahay"
1629|" Susan Zahner"
1630|" Juan Zalapa"
1631|" Mostafa Zamanian"
1632|" Victor Zavala-Tejeda"
1633|" Gabriel Zayas Caban"
1634|" Paul H. Zedler"
1635|" Karla M Zehms"
1636|" Leonardo Zepeda-Nunez"
1637|"  Zhang Chunming"
1638|" Dayin Zhang"
1639|" Jing Zhang"
1640|" Yongfeng Zhang"
1641|" Zhengjun Zhang"
1642|" Zhou Zhang"
1643|" Jiwei Zhao"
1644|" Xinyu Zhao"
1645|" Yuhang Zhao"
1646|" Xuehua Zhong"
1647|" JERRY Zhu"
1648|" Weihua Zhu"
1649|" Zhenhua Zhu"
1650|" Andrew Zimmer"
1651|" David Zimmerman"
1652|" Mike Zinn"
1653|" Lucas K. Zoet"
1654|" Benjamin Zuckerberg"
1655|" Nicholas Alan Zumwalde"
1656|" Alaa A Abd-Elsayed"
1657|" Craig Albers"
1658|" Reid S Alisch"
1659|" Heather Allen"
1660|" Beth Altschafl"
1661|" Rozalyn Anderson"
1662|" Robert Anex"
1663|" Sebastian I Arriola Apelo"
1664|" Bradford Barham"
1665|" David J. Bart"
1666|" Judith Bartfeld"
1667|" Bob Batt"
1668|" Derek Merrill Bean"
1669|" Sarah Beckham"
1670|" Jenna Lynn Behm"
1671|" Vicki Bier"
1672|" Anthony Devon Black"
1673|" Leslie Blasius"
1674|" Eric Booth"
1675|" Scott Bowe"
1676|" Derrick Buisch"
1677|" Henry T. Bunn"
1678|" Barry Burden"
1679|" William J. Burlingham"
1680|" Marguerite Elizabeth Burns"
1681|" Victor E Cabrera"
1682|" Jerome Sebastien Camal"
1683|" Connie Sue Chamberlain"
1684|" Jane L. Collins"
1685|" Clif Conrad"
1686|" Kelley Conway"
1687|" Ian Coxhead"
1688|" Tom Crenshaw"
1689|" William Cronon"
1690|" David Crook"
1691|" Chuck DeMets"
1692|" Daniel J Den Hartog"
1693|" Amanda Kay DeVoss"
1694|" Teryl Dobbs"
1695|" James Doing"
1696|" John Dopp"
1697|" John D Dunne"
1698|" Loren Eadie"
1699|" Jon Eckhardt"
1700|" Lee Lochbaum Eckhardt"
1701|" Eve Emshwiller"
1702|" Finn Enke"
1703|" Mark Etzel"
1704|" Noah Weeth Feinstein"
1705|" Elizabeth Felton"
1706|" Mary E. Fiorenza"
1707|" Mimmi Fulmer"
1708|" Casey Gallimore"
1709|" Josh Garoon"
1710|" Barry Gerhart"
1711|" Vinai Gondi"
1712|" Jonathan Gray"
1713|" John A. Gubner"
1714|" Mary Hark"
1715|" Jeff Hartman"
1716|" Barry Kinney Hartup"
1717|" William N. Hitchon"
1718|" Florence Honore"
1719|" Leah S Horowitz"
1720|" Florence Charlotte Hsia"
1721|" Alexandra Huneeus"
1722|" Janet Hyde"
1723|" Eric Johnson"
1724|" Jessica Johnson"
1725|" Susan Lee Johnson"
1726|" Carolyn Kallenborn"
1727|" Stephen Kantrowitz"
1728|" William Karasov"
1729|" Charles Kaspar"
1730|" Ken Keefover-Ring"
1731|" Adam L. Kern"
1732|" Sung Sin Kim"
1733|" Eileen Kae Kintner"
1734|" Neil Kodesh"
1735|" Karen Kopacek"
1736|" Tom Krupenkin"
1737|" Charles Lauhon"
1738|" Laurent Lessard"
1739|" Oliver Levine"
1740|" Jingshan Li"
1741|" Yuhang Li"
1742|" Michael Thomas Light"
1743|" Bo Liu"
1744|" Ernesto Livorni"
1745|" Po-Ling Loh"
1746|" Lori Lopez"
1747|" Maichou Lor"
1748|" Jenna M Loyd"
1749|" Dan Lynch"
1750|" Nancy Marshall"
1751|" Ann Smart Martin"
1752|" Lisa Martin"
1753|" Joseph Mason"
1754|" Percival G Matthews"
1755|" Douglas W. Maynard"
1756|" Carey McAndrews"
1757|" Alfred William McCoy"
1758|" Mollie Therese McQuillan"
1759|" Cathy Middlecamp"
1760|" Peter M Miller"
1761|" Carol K C Mitchell"
1762|" Paul Mitchell"
1763|" Corina D Mommaerts"
1764|" Lucas Moore"
1765|" Melanie Janelle Murchison"
1766|" Steven Nadler"
1767|" Margaret J Nellis"
1768|" jennifer Nelson"
1769|" Amanda Jean Ngola"
1770|" Renagh O'Leary"
1771|" Moji Olaniyan"
1772|" Marshall Onellion"
1773|" Irene May Lin Ong"
1774|" Ryan Owens"
1775|" Dave Pagliarini"
1776|" Joann Peck"
1777|" Paul E. Peppard"
1778|" Shanan E Peters"
1779|" Michael Peterson"
1780|" Thomas Popkewitz"
1781|" Eleanor Powell"
1782|" Asifa Quraishi-Landes"
1783|" Sebastian Raschka"
1784|" Garvesh Raskutti"
1785|" Jim Reardon"
1786|" Jennifer Reed"
1787|" Jess D. Reed"
1788|" Doug Reinemann"
1789|" Leticia Reyes"
1790|" Nils Ringe"
1791|" Jeremy Rogers"
1792|" Hernando Rojas"
1793|" Jordan Rosenblum"
1794|" Robert Emmett Roth"
1795|" Douglas Rouse"
1796|" Alan Rubel"
1797|" Nasia Safdar"
1798|" Gregg Sanford"
1799|" Elaine Scheer"
1800|" Dietram Scheufele"
1801|" David Schwartz"
1802|" Ajay K Sethi"
1803|" Mitra Sharafi"
1804|" Jihae Shin"
1805|" Kevin Shinners"
1806|" Janet Silbernagel"
1807|" Catherine Arnott Smith"
1808|" Jeff Smith"
1809|" Henry Southgate"
1810|" JESSE Steinberg"
1811|" Betsy Stovall"
1812|" Robert Striker"
1813|" Christopher John Sullivan"
1814|" Kenneth Sytsma"
1815|" Susannah Tahk"
1816|" Leslie Thimmig"
1817|" KRISTIN Thorleifsdottir"
1818|" Christy Tremonti"
1819|" Mary Trotter"
1820|" Benedek Valko"
1821|" Marc Vallon"
1822|" Dieter van Melkebeek"
1823|" Lyn Van Swol"
1824|" Xueli Wang"
1825|" Jessica Weeks"
1826|" James C. Weisshaar"
1827|" Marek Weretka"
1828|" Rebekah Willett"
1829|" Noah M Williams"
1830|" Marsha J Wolf"
1831|" Keith Woodward"
1832|" Michael Xenos"
1833|" Yongna Xing"
1834|" Jason Yackee"
1835|" Charlene Ann Yauch"
1836|" Nicole Zacharia"
1837|" Tianlu Zhang"
1838|" Ruben A Alexanian"
1839|" Moses Altsech"
1840|" Christian G. Andresen"
1841|" Kathleen Antony"
1842|" Neoklis Apostolopoulos"
1843|" Robert Asen"
1844|" Brad C Astor"
1845|" Anthony Auger"
1846|" STYLIANA Avraamidou"
1847|" Adam Bailey"
1848|" Daniela Drummond Barbosa"
1849|" Heather Barkholtz"
1850|" Lisa Marie Barroilhet"
1851|" Cheri Barta"
1852|" Craig Benson"
1853|" Max Besbris"
1854|" Tobey James Betthauser"
1855|" John Carter Braxton"
1856|" Jake Brunkard"
1857|" Emily Callaci"
1858|" Toby C Campbell"
1859|" Zachary T Campbell"
1860|" Russ Castronovo"
1861|" Marina Cavichiolo Grochocki"
1862|" Kaiping Chen"
1863|" Min Chen"
1864|" Yudong Chen"
1865|" Peter Chien"
1866|" Sedona Chinn"
1867|" Bill Chiu"
1868|" Kevin Chung"
1869|" Matthew Churpek"
1870|" Mary Beth Collins"
1871|" Peter Commons"
1872|" James H Conway"
1873|" Tom Cook"
1874|" Sophie Cornfield"
1875|" Michael M. Cullinane"
1876|" Alessandro Cunsolo"
1877|" Remi Daviet"
1878|" Colin Dewey"
1879|" Vinay Dharwadker"
1880|" Gary M. Diffee"
1881|" Vlad Dima"
1882|" AnHai Doan"
1883|" Carolee Dodge Francis"
1884|" Jennifer Doster"
1885|" B Dowling"
1886|" Kecia Doyle"
1887|" Katie Drerup"
1888|" Larissa G. Duncan"
1889|" Brendan Eagan"
1890|" Suzanne Elizabeth Eckes"
1891|" Dorothy Edwards"
1892|" Katie Eklund"
1893|" Paul Andrew Ellison"
1894|" Marina Emborg"
1895|" LYN Empey"
1896|" Mark J Eppli"
1897|" Ramzi Fawaz"
1898|" Mikhail Feldman"
1899|" Angela Fernandez"
1900|" Martha Fischer"
1901|" Matthew L. Friedman"
1902|" Katherine Fu"
1903|" Jennifer Gaddis"
1904|" Ron Gangnon"
1905|" Andy Garbacz"
1906|" Christine Garlough"
1907|" Hilary Barbra Gerstein"
1908|" BERNADETTE Gillick"
1909|" Matt Ginder-Vogel"
1910|" Audrey Lea Girard"
1911|" Carri Glide-Hurst"
1912|" ASLIGUL Gocmen"
1913|" Simon Goldberg"
1914|" Tiffany Lorraine Green"
1915|" Emily Griffith"
1916|" Dominic Gross"
1917|" Shaoming Guo"
1918|" Chirag Gupta"
1919|" tyrell Haberkorn"
1920|" Josiah Hanna"
1921|" Bruce E. Hansen"
1922|" David M Hershey"
1923|" Gaelen Thomas Hess"
1924|" Matthew H. Hitchman"
1925|" Jessica Hite"
1926|" Franklin Walker Cunningham Hobbs"
1927|" Carissa Rose Hodgson"
1928|" Mary Hoefferle"
1929|" Erik K Hofmeister"
1930|" Junjie Hu"
1931|"  Huang Xuhui"
1932|" Katie Hudnall"
1933|" Hilary H Hunt"
1934|" Caitlin Jenna Hunter"
1935|" Katie Hustad"
1936|" B. Ian Hutchins"
1937|" Mihaela Ifrim"
1938|" Bermans J Iskandar"
1939|" Diane Jefferson"
1940|" Katherine Jensen"
1941|" Sara Lynn Jimenez Soffa"
1942|" Jenell Johnson"
1943|" BETUL Kacar"
1944|" Margaret McCahon Kalcic"
1945|" Tina Lien Karls"
1946|" Jessi Cisewski Kehe"
1947|" Richard Keyser"
1948|" Chanwoo Kim"
1949|" YJ Kim"
1950|" Amy Kind"
1951|" Jordan Kirkpatrick"
1952|" David Klingbeil"
1953|" Heinz Klug"
1954|" Siddarth Krishna"
1955|" Alexia Kulwiec"
1956|" James LaGro"
1957|" Rebecca Larson"
1958|" Jean M Laurenz"
1959|" Kayla Marie Le"
1960|" Susan Marie Lederer"
1961|" Yong Jae Lee"
1962|" Melinda Leko"
1963|" Richard Lennertz III"
1964|" Keith D. Levin"
1965|" Jon E Levine"
1966|" Anne Lidor"
1967|" Ming Liu"
1968|" Valentina Lo Sardo"
1969|" Arnoldo Lopez-Hernandez"
1970|" Michael R Lucey"
1971|" Hanbaek Lyu"
1972|" Emily Machado"
1973|" Hilario Mantovani"
1974|" Benjamin Marquez"
1975|" Simon Lindsay Marshall"
1976|" Michael Maseda"
1977|" Anoop Mayampurath"
1978|" Rachel McClure"
1979|" David MacLaren McDonald"
1980|" Joshua Eric Medow"
1981|" Kate Melberg"
1982|" Paul Merkatoris"
1983|" Josh David Mezrich"
1984|" KITTY Montgomery"
1985|" Robert James Mooney"
1986|" Marina Moskowitz"
1987|" Andre M. M. Moura Da Costa E Sousa"
1988|" Priya Mukherjee"
1989|" Jacob Muniko Mwita"
1990|" Lisa Nashold"
1991|" Michael Notaro"
1992|" Pamela E. Oliver"
1993|" Marina Orio"
1994|" Susan Ottmann"
1995|" Al Pacheco Kovaleski"
1996|" Shubhra S Pasayat"
1997|" Alexandra D. Pasqualone"
1998|" Sabine Pellett"
1999|" Joseph Francis Pierre"
2000|" Timothy James Pire"
2001|" Brian Pogue"
2002|" Alex Powers"
2003|" Nicole Pulia"
2004|" Arif Ali Qureshi"
2005|" Edmond Ramly"
2006|" Alan C. Rapraeger"
2007|" Jennifer Ratner"
2008|" Karyn Riddle"
2009|" Kristina M Rittel"
2010|" Roberto Robatto"
2011|" Paul Robbins"
2012|" Barry Roberts"
2013|" John Rudolph"
2014|" Kris Sankaran"
2015|" Jessica N Schmidt"
2016|" Miriam Seifter"
2017|" Ananth Shankar"
2018|" Ally Victoria Shepherd"
2019|" Jung-hye Shin"
2020|" Erica Shu"
2021|" Revel Sims"
2022|" Jeff Sindelar"
2023|" Mansi Singh"
2024|" Judith A Smith"
2025|" Kari Steck"
2026|" Rebecca Stepien"
2027|" Alana Sterkel"
2028|" John W Strange"
2029|" Brian Thomas Street"
2030|" Zheyu Su"
2031|" Bill Sugden"
2032|" Chontel Syfox"
2033|" Scott Teeple"
2034|" Jacob Thebault-Spieker"
2035|" Dakotah Thompson"
2036|" Vicki Tobias"
2037|" Erica Turner"
2038|" Victor Ujor"
2039|" Uchita Vaid"
2040|" Daniel Vimont"
2041|" Tova Walsh"
2042|" Yirong Wang"
2043|" Andrew Watson"
2044|" Jesse Weber"
2045|" Claire Leone Wendland"
2046|" Andrew Wentland"
2047|" Nikki Wiessinger"
2048|" DeAnza Williams"
2049|" Dawn Dongeun Wohn"
2050|" Jun Xiao"
2051|" Qiaomin Xie"
2052|" Brian Yandell"
2053|" Louise Young"
2054|" Ke Zhang"
2055|" Fei Zhao"
2056|" John Zumbrunnen"
2057|" Faisal Abduallah"
2058|" Lyn Abramson"
2059|" Caroline Alexander"
2060|" Jennifer Angus"
2061|" Emily Arthur"
2062|" Phillip Barak"
2063|" Arash Bashirullah"
2064|" Mustafa K Baskaya"
2065|" Hessam Bavafa"
2066|" Michael Bernard-Donals"
2067|" Florence Bernault"
2068|" Arganthael Berson"
2069|" Jake Blanchard"
2070|" Matt Bowman"
2071|" Chris Brace"
2072|" Karl Broman"
2073|" Heidi Wendell Brown"
2074|" Hannah V. Carey"
2075|" Pelin Cengiz"
2076|" Christopher Coe"
2077|" Katherine Jean Cramer"
2078|" Steven Deller"
2079|" John Doebley"
2080|" Marianne Fairbanks"
2081|" Kurt Feigl"
2082|" Robert Fettiplace"
2083|" Ken Genskow"
2084|" Hala Ghousseini"
2085|" John Hall"
2086|" Amgad Hanna"
2087|" Paul M Harari"
2088|" Audra Kathleen Hernandez"
2089|" Mark D. Hill"
2090|" Hazel M. Holden"
2091|" Zhen Huang"
2092|" Brian Hudelson"
2093|" Paul Hutson"
2094|" Thomas Jones"
2095|" Hee Soo Jung"
2096|" Charles Kim"
2097|" KyungMann Kim"
2098|" Michelle Kimple"
2099|" Cecelia Klingele"
2100|" Rudy Koshar"
2101|" Julia Koza"
2102|" William Likos"
2103|" Keisha Lindsay"
2104|" Zheng-yu Liu"
2105|" Rebecca Willett Lu"
2106|" Julie Anne Mares-Perlman"
2107|" Brittney Markle"
2108|" John L. Markley"
2109|" Eneida A Mendonca"
2110|" Grazia Menechella"
2111|" Daniel Meyer"
2112|" Gregg Mitman"
2113|" Yuri Miyamoto"
2114|" Laura A Monahan"
2115|" Denise Ney"
2116|" Peter F Nichol"
2117|" Jason Nolen"
2118|" Corrie Norman"
2119|" Thomas C Oguinn"
2120|" Beth Olson"
2121|" Mario Otto"
2122|" Mariana Pacheco"
2123|" Kurt Paulsen"
2124|" Madeline Pflum"
2125|" Heidi-lynn Ploeg"
2126|" Keith Pappas Poulsen"
2127|" Gail Prasad"
2128|" Charles Raison"
2129|" John Carter Ralphe"
2130|" Bas Rokers"
2131|" Thomas Rutherford"
2132|" Joe Salmons"
2133|" Ellen Samuels"
2134|" Robert D Sanders"
2135|" James Schauer"
2136|" Sissel Schroeder"
2137|" Xiaoxia Shi"
2138|" Jennifer Beth Smilowitz"
2139|" Amy Stambach"
2140|" David Stoltenberg"
2141|" Donald S. Stone"
2142|" Roger Sunde"
2143|" Thomas Peter Sutula"
2144|" James Sweet"
2145|" Leandro Teixeira"
2146|" Julie Thurlow"
2147|" Rob Timberlake"
2148|" Trina Tinglum"
2149|" Jordan Tong"
2150|" Sachin Tuli"
2151|" Gregory John Van Rybroek"
2152|" Anne Vila"
2153|" Douglas B Weibel"
2154|" Ryan Patrick Westergaard"
2155|" Azam Syed Ahmed"
2156|" Jaerin Ahn"
2157|" Soh-Hyun Park Altino"
2158|" Grant W Armstrong"
2159|" Joshua Armstrong"
2160|" Sumudu Atapattu"
2161|" Ian Baird"
2162|" Vivek Balasubramaniam"
2163|" John T Bengson"
2164|" Allyson J Bennett"
2165|" Michael L Bentz"
2166|" Philip N Bochsler"
2167|" Curtis R. Brandt"
2168|" Shira Brisman"
2169|" Karen Britland"
2170|" William Brockliss"
2171|" Gina Marie Bryan"
2172|" Gudrun Buhnemann"
2173|" Steven D. Burke"
2174|" Ronald Burnette"
2175|" Nick Cahill"
2176|" Evie Carchman"
2177|" Peter Carstensen"
2178|" Sarah Anne Carter"
2179|" Christopher Cascio"
2180|" Alta Charo"
2181|" Menzie D. Chinn"
2182|" Kathryn Ciancia"
2183|" Margaret Clagett Clagett-Dame"
2184|" Sarah C Clayton"
2185|" Adrian Nathaniel Cohen"
2186|" Charles Cohen"
2187|" Tessa Conroy"
2188|" Joseph Conti"
2189|" Lisa Cooper"
2190|" Kathleen Culver"
2191|" Charo D'Etcheverry"
2192|" Melgardt de Villiers"
2193|" Martine Debaisieux"
2194|" Greg Decroix"
2195|" David L. Demets"
2196|" Robert J. Dempsey"
2197|" Nevine El-Nossery"
2198|" Bjorn Eraker"
2199|" Howard Erlanger"
2200|" William Fahl"
2201|" Greeshma Gadikota"
2202|" Jacques Galipeau"
2203|" Stephen C. Gammie"
2204|" William Gartner"
2205|" Pablo Gomez"
2206|" Richard Goodkin"
2207|" Paula Gottlieb"
2208|" Daniel Grabois"
2209|" Linda Graham"
2210|" Christina Greene"
2211|" Linda Greene"
2212|" Cindy Haq"
2213|" Brenda Heideman"
2214|" Peiman Hematti"
2215|" Mark Hetzler"
2216|" Francine Hirsch"
2217|" Judith Houck"
2218|" Erik Warren Ibele"
2219|" Chris Ikonomidou"
2220|" Nizar N. Jarjour"
2221|" Colin R. Jefcoate"
2222|" Jack Jiang"
2223|" Heather Maria Johnson"
2224|" Marty S. Kanarek"
2225|" Jesse Kercheval"
2226|" Kyung-Sun Kim"
2227|" Judd Kinzley"
2228|" Pamela J Kling"
2229|" Joseph Krachey"
2230|" Connie Kraus"
2231|" Robin Kurtz"
2232|" Carrie Laboski"
2233|" Tyler Leverty"
2234|" Min Li"
2235|" Yafei Li"
2236|" BYUNG-JIN Lim"
2237|" Kristin Litzelman"
2238|" Peter B Lukszys"
2239|" Rama K Maganti"
2240|" David Marcouiller"
2241|" Mark D. Markel"
2242|" Kenneth Mayer"
2243|" Laura McClure"
2244|" Kathryn McGarr"
2245|" James Messina"
2246|" Ion Meyn"
2247|" Paul H. Milenkovic"
2248|" Charles A. Mistretta"
2249|" Richard Monette"
2250|" John Moore"
2251|" Sarah A Moore"
2252|" Yaron Nili"
2253|" Erik V. Nordheim"
2254|" Lynn Nyhart"
2255|" Erick Oberstar"
2256|" Brian Ohm"
2257|" John Ohnesorge"
2258|" Ozioma Okonkwo"
2259|" Angela Pakes Ahlman"
2260|" Donna M. Peters"
2261|" Brenda Plummer"
2262|" Eugene Purdue"
2263|" Karann Putrevu"
2264|" Charles Quagliana"
2265|" Erik Ranheim"
2266|" Steve Ridgely"
2267|" Clifford A Robb"
2268|" Ulrich Rosenhagen"
2269|" Steven S. Rough"
2270|" Jeffrey S. Russell"
2271|" Anat Schechtman"
2272|" Rebecca Shields"
2273|" James Shull"
2274|" Alan Sidelle"
2275|" Enno Siemsen"
2276|" Ahna Skop"
2277|" Maureen Smith"
2278|" Alexander D. Stajkovic"
2279|" Ross Swaney"
2280|" Timothy Peter Szczykutowicz"
2281|" Steph Tai"
2282|" Ann Terlaak"
2283|" Sarah Thal"
2284|" Michael Thornton"
2285|" Willis J. Tompkins"
2286|" Gregory J. Tripoli"
2287|" Mitchell Tyler"
2288|" Mike Vanden Heuvel"
2289|" Mark Vareschi"
2290|" Florence Vatan"
2291|" Gretchen Viney"
2292|" Eva Vivian"
2293|" Arnold Wald"
2294|" Earlise Ward"
2295|" Ursula Weigold"
2296|" Rodney Welch"
2297|" Nathan Welham"
2298|" Ethelene Whitmire"
2299|" Kim Whitmore"
2300|" Chad C Wilkinson"
2301|" Jon Woods"
2302|" Timothy Yu"
2303|" Sandra Adell"
2304|" Tonya Brito"
2305|" Erin Grace Brooks"
2306|" Matthew Brown"
2307|" Suzanne Desan"
2308|" Pamela Garcia-Rivera"
2309|" Martha Gibson"
2310|" Janet Mertz"
2311|" Robert Jerome Nickles"
2312|" Megan Ann Phillips"
2313|" Jonathan Senchyne"
2314|" Jude W. Shavlik"
2315|" John P Sheehan Jr."
2316|" Christine Sorenson"
2317|" Richard Straub"
2318|" Karen Wassarman"
2319|" Thomas Y Yen"
2320|" Jordan Zweck"
2321|" Colleen E. Hayes"
2322|" Kim Lord Plummer"
2323|" Thomas R. Mackie"
2324|" Aleia Ingulli McCord"
2325|" Samuel O Poore"
2326|" Amish Raval"
2327|" Gregory M. Rice"
2328|" Ivan Shaliastovich"
2329|" Ellen R Wald"
2330|" Randall Wright"
2331|" ANNA Campbell"
2332|" Katheryn R Christy"
2333|" Theresa Duell"
2334|" Elizabeth Jane Elsmo"
2335|" Nicolas Garcia Trillos"
2336|" Ellen Hartenbach"
2337|" Diana Hess"
2338|" Vanessa Lynn Horner"
2339|" Robert Jacobberger"
2340|" Kasey Keeler"
2341|" Hau D Le"
2342|" WENDY Y. Li"
2343|" Lisa Naughton"
2344|" Pilar Nicole Ossorio"
2345|" Zachary N Stowe"
2346|" Luwei Wang"
2347|" Margaret Kerr"
2348|" Sarah A Jung"
2349|" Young Mie Kim"
2350|" Tera Holtz Wagner"
2351|" Megan Doherty Bea"
2352|" Tanya Michelle Andersen Buckingham"
2353|" Nickolas Delmar Frost"
2354|" Mariaelena Huambachano"
2355|" ALMITA A Miranda"
2356|" Eun Sil Oh"
2357|" Marla Andrea Ramirez Tahuado"
2358|" Bruno Whittle"
2359|" Sijia Yang"
2360|" Yiwei Zhang"
2361|" Ann Elizabeth Evensen"
2362|" Glenn Liu"
2363|" Mark Ritter"
2364|" Kurt Amann"
2365|" Setareh Behroozi"
2366|" Gregory Nemet"
2367|" Vivak Patel"
2368|" Rob Streiffer"
2369|" Jeff Beneker"
2370|" Randy Brown"
2371|" Grace A. Bulltail"
2372|" Emma A Cifrino"
2373|" Khrysta Evans"
2374|" Megan Burke Fitzpatrick"
2375|" Emily Fletcher"
2376|" Mosi Adesina Ifatunji"
2377|" Huichuan J Lai"
2378|" TIM Lindstrom"
2379|" Morgan Mayer-Jochimsen"
2380|" MARY McCoy"
2381|" Kristoffer Stokes"
2382|" Tyler Welch"
2383|" Nina C. Zitzer"
2384|" Raj Kamal"
2385|" Giustina Parisi"
2386|" Fabien Accominotti"
2387|" Yesenia Lucia Cervera"
2388|" Sameer Deshpande"
2389|" Marissa Gurtler"
2390|" Nathan Kennard Larson"
2391|" Jacques Pierre Lesure"
2392|" Kelsey Lewis"
2393|" David M. Lovelace"
2394|" Rob Mc Clain"
2395|" Edward Christopher Portillo"
2396|" Casey Reiser"
2397|" Shannon E Sledz"
2398|" Chia-Jung Tsay"
2399|" Kelly Marie Ward"
2400|" Michael Wehner"
2401|" Katharine Kou Widlak"
2402|" Chloe Corinne Apelgren"
2403|" Steffani Michelle Bennett"
2404|" Owen Campbell"
2405|" Michael Cropes"
2406|" Jordan Cole Denitz"
2407|" Virginia R Downing"
2408|" Sean Duffy"
2409|" Tuncer Edil"
2410|" Sarah Joan Green"
2411|" Ain Grooms"
2412|" Pedro Maravilha Morgado"
2413|" Jess McCarthy"
2414|" Abby McGuire"
2415|" Allison McGuirk"
2416|" Mohun Ramratnam"
2417|" Ellen Selkie"
2418|" Ashu Sharma"
2419|" Gabriel Stowe Terrell"
2420|" Eric Tervo"
2421|" Josh Weber"
2422|" Jenny Higgins"
2423|" Kelsey Brannan"
2424|" Patrick Edward Mc Bride"
2425|" Warren Porter"
2426|" Leslie Diane Shear"
